suicidal_thoughts,gender,ses,sex_orientation,family_support,friend_support
0,female,high,gay,1.035144614238631,1.3218762646051356
0,female,high,straight,0.14463295030027834,0.3089881685318337
0,female,high,transgender,-0.034941543451111626,0.5863253539501371
1,female,low,gay,-0.7207349007216134,0.9519979476886059
0,female,low,straight,1.1568224593458332,-0.1739975691822455
1,female,low,transgender,-0.6515693174188224,0.1517058036344242
0,female,medium,gay,0.1961158305606016,-0.3146094740272714
1,female,medium,straight,0.6191593917694458,0.316567022835076
1,female,medium,transgender,0.6382012011162052,0.8828868211748203
1,male,high,gay,-1.404424701855183,-0.8055513381468333
1,male,high,straight,-0.7817362995471554,-0.2779218940741505
0,male,high,transgender,-0.7708453759339645,1.4605834889362015
1,male,low,gay,-0.38330930895373616,-1.9596633862766064
0,male,low,straight,-0.4391060068027884,0.15413518094054535
1,male,low,transgender,-0.4296822516664398,-0.8816250021394639
0,male,medium,gay,1.1454315443603766,0.8749965518011501
0,male,medium,straight,1.5368352716634426,-0.3733588600574604
1,male,medium,transgender,-0.5992729500062063,-0.49214946014231464
0,female,high,gay,0.03555678470876776,-0.43425041363274197
0,female,high,straight,-1.6624640181443553,-0.24188133130833064
0,female,high,transgender,0.058306096916527064,1.1911680097002613
1,female,low,gay,-0.49411142340077374,0.7708572446959909
1,female,low,straight,-1.9685638814332995,-0.7290555319943955
1,female,low,transgender,-0.9495364935582885,0.14665653308370624
1,female,medium,gay,-0.27440562554236364,-0.7144895630392863
0,female,medium,straight,1.322875602746473,-0.4588040646654352
0,female,medium,transgender,1.276648602672321,-0.032331034080791674
1,male,high,gay,0.3003387515337789,-0.3071760940475198
0,male,high,straight,-1.0785630853122956,0.7327634929167447
1,male,high,transgender,0.18009958706075918,-1.3800523054486682
1,male,low,gay,-0.427214824977182,-1.6672298394451035
0,male,low,straight,-0.5316328832846832,0.2526061532093675
1,male,low,transgender,0.047243002049715835,-0.7078489549805177
0,male,medium,gay,1.788789940858366,-0.4116520618263616
0,male,medium,straight,-1.8071627340051213,0.027935043339752164
0,male,medium,transgender,2.487689662059883,0.6242020799653434
1,female,high,gay,-1.4655679897260576,-0.5447505662912843
1,female,high,straight,-0.396213138693192,-1.192261379483004
0,female,high,transgender,0.35331074234811505,0.4829836181065642
0,female,low,gay,0.330401389433917,0.5337387320100911
0,female,low,straight,0.3331097303106122,-0.6878889057644487
1,female,low,transgender,1.5338947098714535,0.22704515044184534
0,female,medium,gay,0.12170329225016879,0.517325238949144
0,female,medium,straight,1.2243577494496138,0.7181456407522426
0,female,medium,transgender,0.06473716033483651,-1.5228831509799854
0,male,high,gay,-0.021871040246151306,0.5238710679290999
0,male,high,straight,-0.47174668557321425,0.6505368739288335
0,male,high,transgender,-0.5834831520476387,1.3072883514620879
0,male,low,gay,0.6548213122235246,1.2091705362949603
0,male,low,straight,1.0218275180881233,-0.057884793001403846
0,male,low,transgender,1.621700606421275,-0.025050485200242164
0,male,medium,gay,-0.7394283099850173,-0.7677013454374682
0,male,medium,straight,1.2372868125775758,-0.18599660410123428
0,male,medium,transgender,0.25760958458267186,-0.6789378137479753
0,female,high,gay,-1.065436972549354,-0.2840922865184915
0,female,high,straight,-1.0137036157424781,1.3746871745544185
1,female,high,transgender,0.39091253380485674,-1.809202738553575
0,female,low,gay,0.2928141574385945,1.0447961522721616
0,female,low,straight,0.44575542367195026,-0.30448793949301933
1,female,low,transgender,-1.479335360734554,-0.7028603310316396
0,female,medium,gay,2.9245021908165643,0.485615193835376
0,female,medium,straight,0.2723118524369703,-0.41969269307029167
0,female,medium,transgender,-0.11581168111249995,0.36796390794968736
0,male,high,gay,-0.27419727164373786,0.9015659252058948
0,male,high,straight,1.1100550089632022,-0.2504399708098203
1,male,high,transgender,-0.03909163121044345,-0.6753778163170429
0,male,low,gay,0.3205537612537863,-1.6250711739714152
0,male,low,straight,-0.004364109576024532,-0.27265000492585384
1,male,low,transgender,1.4670512225181112,-1.2270765621365498
1,male,medium,gay,0.5519650608436882,1.5671981745095545
0,male,medium,straight,1.6242079115433428,-0.06520528885134233
0,male,medium,transgender,0.29658352260308396,2.756522237063792
1,female,high,gay,0.31027085276042854,-0.8992182492053874
0,female,high,straight,0.1992672687607346,-0.6392081110424971
0,female,high,transgender,1.2766075161955455,0.8323503301619152
1,female,low,gay,-1.9753652304692364,-0.9873810966126659
0,female,low,straight,1.0130829594060977,0.49157508511045983
1,female,low,transgender,-2.2007192900853236,0.4138741955700816
1,female,medium,gay,-1.8007116716567413,-0.8051084737839883
1,female,medium,straight,-0.9281969228335699,-0.5294491005217202
1,female,medium,transgender,0.20971780358216913,-0.7419541636366198
0,male,high,gay,0.7923701809779643,2.032548387590896
0,male,high,straight,0.743864151971145,-0.3735982507416028
0,male,high,transgender,0.636773330448425,-0.17841569951338482
0,male,low,gay,-0.416622342172302,-0.30419718075374247
0,male,low,straight,1.5525507402164274,0.8541398808772895
0,male,low,transgender,0.8899088247177551,-0.092212999165228
0,male,medium,gay,0.10125865812937454,-0.8825966291397658
0,male,medium,straight,0.9175473417346931,0.7991312775678331
0,male,medium,transgender,1.2304621347097053,0.6601663194042027
0,female,high,gay,1.132333940729053,0.28484704635484487
0,female,high,straight,0.24766772056188877,0.012998166721151911
1,female,high,transgender,-0.9205976293804674,-0.5167093565073609
1,female,low,gay,-0.9655286136760131,0.6136789386064264
0,female,low,straight,0.3338021520902154,0.4345627595401986
1,female,low,transgender,-1.4953231259045245,-0.8002489215276263
0,female,medium,gay,0.16696665861388066,-0.45301465901259125
0,female,medium,straight,0.3219807342985935,-0.9532290298030293
0,female,medium,transgender,-1.6407354827657707,0.6830333738124182
0,male,high,gay,0.7484277598596684,0.8079657598050163
0,male,high,straight,-0.55519770634949694,-0.1225763816728284
0,male,high,transgender,0.09161217539200378,-0.20780427991865977
0,male,low,gay,0.882942219274395,0.2968606545392408
0,male,low,straight,1.1466199441527083,1.742321583335768
0,male,low,transgender,-0.6674800561375356,-0.909889079919212
0,male,medium,gay,0.27618623038701834,-1.171772497631232
0,male,medium,straight,-0.630189015847476,0.5290697358252759
0,male,medium,transgender,0.05026272097494583,0.07077188712426759
0,female,high,gay,-0.41251208663483513,-0.23334731411106507
0,female,high,straight,-0.7621399331709415,-0.2807004595379881
1,female,high,transgender,-1.8877466850803037,0.3817070519999693
0,female,low,gay,0.4217615032907553,-0.7972213521865749
0,female,low,straight,-0.6938172229313333,-0.5638563465084167
0,female,low,transgender,-0.07381309430852,1.0021247338957482
0,female,medium,gay,-0.11782506172316676,0.5083290437309754
0,female,medium,straight,0.41870499720111987,1.5524374405939543
0,female,medium,transgender,0.8976589095100874,-0.21755985521747126
0,male,high,gay,0.40765649671629584,0.4350266435287895
0,male,high,straight,1.8359886368937048,-0.3608360487707781
1,male,high,transgender,-0.46458235533778,-0.7374911861267284
0,male,low,gay,0.17658736655015933,0.609669487336924
0,male,low,straight,0.3299857311360023,-0.13187502388963163
1,male,low,transgender,1.0780235096323816,0.40835102298092185
0,male,medium,gay,0.34892281789351437,-2.122916122169483
0,male,medium,straight,-0.20491800917014996,0.8464775892658526
1,male,medium,transgender,0.8453638905141754,-0.23514331211838577
0,female,high,gay,1.8328400349314067,0.9406531062557073
0,female,high,straight,2.0207958478304984,1.797637615191043
1,female,high,transgender,-0.758616740385064,0.1851985431572888
0,female,low,gay,1.525302790854752,-0.18840496826688777
0,female,low,straight,0.2572914858140947,0.8080419724117516
0,female,low,transgender,1.176146473294715,-0.046183657601629124
1,female,medium,gay,-0.45702217872584633,-2.292410663726322
1,female,medium,straight,-0.19918402047588807,0.058851765041502024
0,female,medium,transgender,1.1977311713127214,0.5564890356348746
0,male,high,gay,0.3443170161402242,-0.31749413225887757
0,male,high,straight,-0.3318470383367923,0.7959362623650432
1,male,high,transgender,-0.11225524369558518,-0.8762945670718312
0,male,low,gay,0.6563042086306932,0.12725554166558894
0,male,low,straight,-1.2446639207547492,0.8074238090974123
0,male,low,transgender,-0.3237586426868783,-0.724029244362536
0,male,medium,gay,-0.842229282227266,-0.8193503769642618
0,male,medium,straight,-0.618932914711986,-0.055167798032969506
1,male,medium,transgender,0.3656283768742322,-1.72523909782124
0,female,high,gay,0.06194426265733506,-0.9228646451719028
0,female,high,straight,0.6531734772819331,-0.04447579935118672
1,female,high,transgender,-0.47667780169069424,0.279814093135456
0,female,low,gay,0.2067909428337736,1.297144417158986
0,female,low,straight,0.2959326194787398,1.0042125595058313
1,female,low,transgender,-1.000104686867847,-0.5223245375079101
0,female,medium,gay,0.1715310489417451,-0.08361235744865614
0,female,medium,straight,-0.18965596047940064,-0.8846454220049359
0,female,medium,transgender,0.23392816306191,1.4233773969443118
0,male,high,gay,0.35011239321820387,-0.1790119574633625
0,male,high,straight,-0.8333894414179359,-1.8890601394216067
0,male,high,transgender,-1.1466822700222234,1.8414992415307962
1,male,low,gay,1.3389807462240182,-1.5627071705781521
0,male,low,straight,0.8480883899107503,-1.6942190515920077
1,male,low,transgender,-0.02300466139221207,-1.3702642945547587
0,male,medium,gay,-0.3640537556698815,0.09455949247799511
0,male,medium,straight,-0.1022809449720361,-1.038015270028879
0,male,medium,transgender,0.8391458629222274,-0.507017163961918
0,female,high,gay,0.8170440658282875,0.21078927617952584
0,female,high,straight,0.11859595441196076,2.0840756498607615
0,female,high,transgender,1.1735886128483421,-0.7572013300213076
0,female,low,gay,-0.7995002166478408,-0.7355278509810302
0,female,low,straight,-1.1296190057581437,-0.08635314687633554
0,female,low,transgender,0.7420024738011024,0.261253044278355
0,female,medium,gay,0.3497605968586802,2.0224657177177776
0,female,medium,straight,1.4666144102048897,0.7306247956646019
0,female,medium,transgender,-0.6123501862302222,0.30993530655080886
0,male,high,gay,0.3651478968639104,-1.4199602013239696
0,male,high,straight,1.3832478789451121,0.024009140899728207
0,male,high,transgender,-0.17274889244819525,-2.6942661032141277
0,male,low,gay,0.2190505654954739,0.32524315804892373
1,male,low,straight,-0.3690224699937284,-2.1501419680330325
0,male,low,transgender,-0.5642910301384471,0.4379950238385198
0,male,medium,gay,-0.9195166319053265,2.153174159966036
0,male,medium,straight,-0.8593692169022265,0.8894362415513887
1,male,medium,transgender,-0.0800977719459567,-0.12288247940329416
1,female,high,gay,-2.622518716851568,1.5541047041271865
0,female,high,straight,-0.0051218052214417305,1.1806362792671417
0,female,high,transgender,-0.11198518355393504,-0.33683387294670436
0,female,low,gay,0.4038267509923976,0.49259245033467436
0,female,low,straight,-1.7368566616722325,0.7541078610575019
1,female,low,transgender,0.7188621732354927,-0.3804358994400937
0,female,medium,gay,-0.6369825356500411,-0.01568753729793002
0,female,medium,straight,0.3382295540510072,0.27657175459359673
0,female,medium,transgender,1.590974358143652,0.49631072507592877
0,male,high,gay,0.4411252090813196,-0.18182560786967228
0,male,high,straight,0.7315374981505546,-0.712868142424046
1,male,high,transgender,-1.7045215658431405,0.5626806313344136
0,male,low,gay,0.8240727216480195,1.1357178428978825
0,male,low,straight,-0.29125038201785675,-2.2134081966779795
0,male,low,transgender,0.77539806560675,-1.4920716493482689
0,male,medium,gay,0.5168791614384682,0.19740656131436413
0,male,medium,straight,0.33337766766161586,0.9071174825193005
0,male,medium,transgender,-0.8522869239734582,0.8717705770462274
1,female,high,gay,-1.352400437200411,-2.860819232074074
0,female,high,straight,0.6106937948602833,1.3566928370957894
0,female,high,transgender,-0.5523878738065244,-0.5581510500637237
1,female,low,gay,-0.481537905774566,1.5283454506391558
1,female,low,straight,-1.014711395242429,-1.0790266342940655
0,female,low,transgender,1.0588772320409974,0.2029284983079021
0,female,medium,gay,0.2865460539348023,-1.7444309392344506
0,female,medium,straight,1.4679655727567111,0.1944526885416902
1,female,medium,transgender,-0.2776645857125825,-0.2658319171820293
0,male,high,gay,0.40509796189502273,-0.3288408550546582
0,male,high,straight,-1.0889381876505266,-0.7083769582102314
1,male,high,transgender,-2.247984846551077,1.5705739698077201
0,male,low,gay,-0.20004768293317596,-2.1100947936742562
0,male,low,straight,0.8024875550096561,1.3319748556962479
1,male,low,transgender,0.08452672543104552,0.754921522856399
0,male,medium,gay,-0.01008016560827728,1.413483340234953
0,male,medium,straight,-0.7180628807145513,0.36661850778870214
0,male,medium,transgender,-0.3226883888314101,-0.34111658392306626
0,female,high,gay,0.11040812174301198,-0.8684853553862839
1,female,high,straight,-0.8964669858847333,-1.1497321900811306
0,female,high,transgender,-0.15702682372675414,-2.3071445699725994
0,female,low,gay,0.696962810426827,-0.7573744539081702
0,female,low,straight,1.908264110769619,0.20394724607413123
1,female,low,transgender,-0.5632132209348927,-0.8526402340847313
0,female,medium,gay,0.9421932662807712,0.4472799802885438
0,female,medium,straight,-2.167585274250107,1.1376367814311126
0,female,medium,transgender,-0.12315853252347314,0.19648240297710007
1,male,high,gay,0.7888108747172909,-0.8420543703633967
1,male,high,straight,-0.6707166139246992,-2.3184108382317006
0,male,high,transgender,1.9656537201994877,0.3408599125856313
1,male,low,gay,0.16034989450187662,-1.5351920429799866
0,male,low,straight,0.7513437502177583,-0.4056653327218605
1,male,low,transgender,0.5712338197531808,0.2288568823740722
0,male,medium,gay,-0.13546746863622516,-0.7368741517496993
0,male,medium,straight,-2.2323764969690165,-0.009137690472500732
1,male,medium,transgender,0.5666227499501502,0.2893443917877954
0,female,high,gay,2.2122779745188135,0.19682096444731195
0,female,high,straight,0.48356188922100074,0.4154018298884414
0,female,high,transgender,0.22556355606166464,-0.4716097023978869
0,female,low,gay,0.29422550772427936,1.2099234663329277
0,female,low,straight,-1.2067088515184283,0.27113116764495
1,female,low,transgender,-1.0994054345397624,-1.8551591932668008
0,female,medium,gay,-0.4043523789187519,-0.6530888069657088
0,female,medium,straight,-0.9818620895635339,-0.10033083280051772
0,female,medium,transgender,0.05010857036786314,1.2894862713683504
0,male,high,gay,-0.5447294741460997,-0.06768759095064333
0,male,high,straight,-0.854238048730413,-1.8849124444377452
0,male,high,transgender,2.1595066530699634,-0.8618290752527388
0,male,low,gay,2.6482376013491926,2.280124033934989
0,male,low,straight,-1.0396668077733124,0.09711446121783197
0,male,low,transgender,0.17248362730688965,2.1179387585017055
0,male,medium,gay,1.4135346981648103,-0.298872814748642
0,male,medium,straight,-1.0732917131613127,1.9041921975700233
0,male,medium,transgender,1.1396985922576695,0.9048867936976204
0,female,high,gay,-1.2255069886593235,-0.919814056777489
0,female,high,straight,1.078773601300669,0.5616246426607414
1,female,high,transgender,-2.499044610278803,1.2957974246819235
0,female,low,gay,0.23213758318682529,1.1831472868335102
0,female,low,straight,0.9922980143536778,-0.671433386524222
1,female,low,transgender,-0.4444166265325817,-0.2766105242757777
0,female,medium,gay,0.30096173147931143,0.5752383365082515
0,female,medium,straight,-0.03574133060721897,-0.9848283641890152
0,female,medium,transgender,-0.0127311077482171,0.11193709240638298
0,male,high,gay,0.2507884100539529,1.5060611959373553
0,male,high,straight,0.21488069270940222,0.668404820231878
0,male,high,transgender,-0.5463478330010656,0.483690431228602
0,male,low,gay,0.3647551753553425,0.1102934692911977
0,male,low,straight,0.8415996206355891,-0.04692698049444476
0,male,low,transgender,-0.5659686369567735,2.525876767497334
0,male,medium,gay,0.8805373608126252,1.010816244314551
1,male,medium,straight,-0.373154209616932,1.3926670698144175
0,male,medium,transgender,2.1823512092583726,-0.11475223775062984
0,female,high,gay,-0.2858149993590572,-0.11981470960035408
0,female,high,straight,0.14276862596932685,1.173971084403705
0,female,high,transgender,-0.41266182195390005,0.4282584719653151
0,female,low,gay,-0.12401780074223578,-1.236900475758937
0,female,low,straight,-0.7839201928142493,0.14556554974283922
1,female,low,transgender,0.7300605403842261,-0.801953687071256
1,female,medium,gay,1.7202292394867793,-0.6632704236640542
0,female,medium,straight,1.5398351572972455,-1.1726243360390107
0,female,medium,transgender,-0.2581053586385371,0.8523008514835538
0,male,high,gay,-0.07066828028383354,-0.9127185037042213
0,male,high,straight,-0.6318706974354235,-0.7410210191399254
0,male,high,transgender,0.04582419543048415,-0.5233934209182696
0,male,low,gay,-0.6265529897806147,1.3590030141534304
0,male,low,straight,0.9951080333223337,2.9071654678551533
0,male,low,transgender,-0.6102270133481216,0.575858915871065
0,male,medium,gay,0.3101991253607829,-0.7336716646051047
0,male,medium,straight,1.2110831796524584,0.27133014661791094
0,male,medium,transgender,-1.0720824509528841,-0.7684419896489965
1,female,high,gay,0.2557214144362192,0.02926738025751431
1,female,high,straight,-0.39379492880751904,0.606269986931816
0,female,high,transgender,0.0521160654483923,-0.5837605140626843
1,female,low,gay,-0.6600908767118918,-0.4213937385223123
0,female,low,straight,-0.7017754239947144,-0.7010844479914141
0,female,low,transgender,-0.11256658710829728,-0.4046155382102657
0,female,medium,gay,-1.8429008910161688,1.153717563531111
1,female,medium,straight,-1.2806122122511618,0.26212824187054495
0,female,medium,transgender,-0.9071188445695537,0.6578377669299103
0,male,high,gay,0.31266609217658176,0.3750258771461933
0,male,high,straight,-0.044164411885803,1.2918187623763686
1,male,high,transgender,-1.913742295762644,-1.3584000115490884
1,male,low,gay,0.979695671909127,0.23336258451475791
1,male,low,straight,-0.6707107282397633,-0.7310372934262531
1,male,low,transgender,-0.2213452238258957,-1.120463900886882
0,male,medium,gay,0.576708343361692,0.7241679460142132
0,male,medium,straight,0.01483391716909463,1.6356244574559349
0,male,medium,transgender,0.26109963291172567,-0.6816621891789086
1,female,high,gay,-0.8188752536786968,0.1536278441660487
0,female,high,straight,0.8664758265449776,-0.10587032741503392
1,female,high,transgender,0.4852438475840507,0.6274406535107082
1,female,low,gay,-0.06877659856312691,-2.0906951914907204
0,female,low,straight,-0.3596605055691522,-4.1221911105051776e-4
0,female,low,transgender,0.5433987242399706,-0.6234542009830518
0,female,medium,gay,0.23085076260136883,0.8047225246251185
0,female,medium,straight,0.3591264912936602,-0.5601258797763674
0,female,medium,transgender,-1.6531747399878247,2.0089837520075555
0,male,high,gay,-0.3527566201765991,-0.754317630753081
0,male,high,straight,1.2489789034460759,0.7024692376218503
0,male,high,transgender,-0.46519681627734494,-0.646634833537113
0,male,low,gay,0.908251211489193,-1.4583418422223902
0,male,low,straight,0.21819394482717594,1.0681214651772444
1,male,low,transgender,1.4212894775224156,-1.0245995647619541
1,male,medium,gay,1.1662414589690038,-0.37331003461846524
0,male,medium,straight,0.886363109984135,2.395696638705796
1,male,medium,transgender,0.47884081153953395,-0.16207669433370284
0,female,high,gay,0.3104885928972594,0.30727980414730766
0,female,high,straight,1.1378723911325288,1.7327816095701174
0,female,high,transgender,-1.3083389971780284,1.1748808505434052
0,female,low,gay,0.8516668277216282,-0.6759153446232957
0,female,low,straight,1.52139182192844,-0.41489891395803585
1,female,low,transgender,-0.05582165900350225,-0.9573537934982729
0,female,medium,gay,1.2796760793897912,-0.19866692975339012
0,female,medium,straight,-0.8191339923980221,0.6957427331134046
1,female,medium,transgender,-0.8199022294085362,-0.8622542944443247
0,male,high,gay,0.04275205864499601,0.4710621639705146
0,male,high,straight,-0.9252505014965491,-2.272851607672807
1,male,high,transgender,-1.0065081120346062,-0.47334053361897827
1,male,low,gay,-0.5226721611041606,1.5657511939698832
1,male,low,straight,-0.8270293375920194,-1.3615224375964998
1,male,low,transgender,-0.8802514984037086,-0.3137928769446451
1,male,medium,gay,-0.12442203374541659,0.19042586179909723
0,male,medium,straight,0.538431327918691,2.1562359664492448
0,male,medium,transgender,-0.15626705512911343,2.6654605180524977
1,female,high,gay,-1.1671696292326228,-1.7063890529627825
1,female,high,straight,-1.2122058547926182,-0.05213707170584754
0,female,high,transgender,1.3635807076437658,-0.6602504671835717
0,female,low,gay,0.9446044822564542,0.5436747785304672
0,female,low,straight,0.26324930370809563,-0.21895348231884043
0,female,low,transgender,1.7403357255957077,-0.5527415969818557
0,female,medium,gay,0.018462165362107867,0.02488724968416182
0,female,medium,straight,0.723201263296035,1.6865489786441008
1,female,medium,transgender,-0.6329913223568658,-0.861545477835497
0,male,high,gay,1.0258373967365848,-1.9421028417941295
0,male,high,straight,-2.6731769376081735,-1.7407575314018846
1,male,high,transgender,-1.1968136242798755,-1.752925792494442
0,male,low,gay,2.2920198800981186,0.7435702151399434
0,male,low,straight,0.47674409113872657,-0.19610153986998805
0,male,low,transgender,-0.6853015072522756,0.7638476483844638
1,male,medium,gay,-1.8292939416477376,-0.9668015408967573
0,male,medium,straight,0.2796805351539246,2.399132892888842
0,male,medium,transgender,0.4853345283876708,-0.11212904929079215
0,female,high,gay,0.8234367634847896,1.0877476754995796
0,female,high,straight,-1.4549816002429652,-2.4592578425284817
0,female,high,transgender,-0.9859609649627472,0.5823836063479683
0,female,low,gay,-0.6003530832391322,0.30493689604663415
0,female,low,straight,0.37886812783659995,-2.189192455547267
0,female,low,transgender,0.9432129518285074,1.9297104606549047
0,female,medium,gay,-0.4253864139591543,-0.3756944692172603
0,female,medium,straight,0.5891472651268541,1.573317345391599
1,female,medium,transgender,-0.4030501467001826,-1.508215630532806
1,male,high,gay,-0.6194592156300894,-0.8991170182500986
0,male,high,straight,-0.5595735945553636,2.0004478163769637
0,male,high,transgender,0.9608186667354273,0.5519847435612907
0,male,low,gay,0.14547734113420369,0.7278950303919075
0,male,low,straight,-1.8065416995937709,3.117137565760284
0,male,low,transgender,0.2121807245504285,0.21689975053186472
1,male,medium,gay,0.17261429828668354,-1.0284747175320015
0,male,medium,straight,-0.5303884112603949,-0.8133007047939304
1,male,medium,transgender,-0.20283206883871271,-1.148624781484194
0,female,high,gay,1.2301001603754513,0.003362576423053707
0,female,high,straight,0.41411422857632213,0.6096271640389299
0,female,high,transgender,-1.6758907068480344,0.8600884127985896
0,female,low,gay,0.5491745094515451,1.8228963776612976
1,female,low,straight,0.2127480824542324,-0.26599957468884455
1,female,low,transgender,-1.2346962858181352,-1.2553023249064397
0,female,medium,gay,-2.0779796240934725e-4,1.4059491726229818
0,female,medium,straight,-0.21701921215323147,0.5366488023160093
1,female,medium,transgender,-1.3864559161365262,-0.7406785619714809
0,male,high,gay,1.12511232100648,-0.0017593063128865868
0,male,high,straight,0.7906623807158474,0.7739380055849562
0,male,high,transgender,0.8013060554735257,-1.13636100754758
1,male,low,gay,0.8437929903255972,-1.7452429977586488
0,male,low,straight,-0.3617255808260906,0.9600239929882121
0,male,low,transgender,-1.568969233344175,-1.107966138262369
0,male,medium,gay,0.7609224111870229,-0.40987337959678755
0,male,medium,straight,-1.718889091705841,1.7758800375269552
0,male,medium,transgender,-1.1837236351544087,1.5376327044729459
0,female,high,gay,0.2802588964457224,-0.4826751002056112
0,female,high,straight,-1.3325870026558733,0.7475584854292586
1,female,high,transgender,-1.5498244195032203,1.3859234371184053
0,female,low,gay,-0.24544234673908086,-1.4264445983210925
1,female,low,straight,0.028584962424494084,-1.1312392178128012
0,female,low,transgender,0.40227687125115164,-1.3073116836658831
0,female,medium,gay,0.557521031506486,0.9480456153318451
0,female,medium,straight,0.09707052868563282,0.24212055478636513
0,female,medium,transgender,-0.7062844079973337,0.4631914857122114
0,male,high,gay,0.5043462067437643,0.410381404285133
0,male,high,straight,0.11257451405831803,-1.409005661214575
0,male,high,transgender,-0.2930798805041705,-0.21226578565153878
0,male,low,gay,1.294302401804523,0.6849817440512089
0,male,low,straight,-0.3737021225705563,0.7797938563109912
0,male,low,transgender,-0.26662867369239485,0.765446366810227
0,male,medium,gay,0.21257801731254447,1.0989276206534822
0,male,medium,straight,-0.5838119762821025,1.5240381936501206
1,male,medium,transgender,-0.9661937970279876,0.4285868085694024
1,female,high,gay,-1.1347939763096795,0.02915097678237647
0,female,high,straight,1.2570482411148542,-0.6119626521022057
1,female,high,transgender,-1.0488121785891154,0.8724318800242065
0,female,low,gay,1.3008394256339462,0.8520604739098769
0,female,low,straight,0.6215139924250367,-1.2694478926031054
0,female,low,transgender,1.392710721536928,-0.6844366520954972
1,female,medium,gay,-0.20742539120430897,-0.15666578160587724
0,female,medium,straight,0.12546342957053405,-0.5687864233476826
1,female,medium,transgender,-0.9761233896152388,1.6887110272568426
0,male,high,gay,1.649651224374333,1.2312437052624179
0,male,high,straight,0.8409874778023787,1.1232013987155
0,male,high,transgender,1.2805536595706977,-1.2376489016935193
0,male,low,gay,-0.338495364211022,0.37654279336104574
0,male,low,straight,-0.0470826904278525,-0.4862277079592344
1,male,low,transgender,-1.606943777190532,0.8035028088497042
0,male,medium,gay,2.9739511451702034,-1.4452322008670495
0,male,medium,straight,1.3507989441788666,-0.4208059326629257
0,male,medium,transgender,-1.2466914738520078,1.3585948196341957
0,female,high,gay,0.43890802578141885,1.5197530529386523
0,female,high,straight,-0.2678439532089876,0.6746195807612717
0,female,high,transgender,0.8121138308865078,0.715945072258558
0,female,low,gay,-0.8972306424757884,2.3723074576254413
0,female,low,straight,0.2565918678428613,-0.0612965818955257
1,female,low,transgender,-1.190252077459025,-0.2836932244223944
1,female,medium,gay,-0.5109187601492023,-0.12744431244984342
1,female,medium,straight,-0.14800494478934348,0.005076950603980252
1,female,medium,transgender,-2.4604637120785036,-0.7554958305403292
0,male,high,gay,-0.05106026359219047,-0.5782912571673642
0,male,high,straight,0.06277515272885863,0.10263499288390901
1,male,high,transgender,1.179677780710778,2.1954718674579756
0,male,low,gay,1.7386601415422887,-0.48516326432862256
1,male,low,straight,-3.4944834079344416,0.3496232316423369
0,male,low,transgender,1.300263243125681,1.040510624338928
0,male,medium,gay,0.44383796817117716,-1.4081362108447062
0,male,medium,straight,1.9537184286225593,1.3975809420245395
0,male,medium,transgender,-0.24186433741976132,0.1340770612794047
0,female,high,gay,1.388120063216193,0.25400903710842004
0,female,high,straight,1.232509758668512,-1.5339081816474753
1,female,high,transgender,-0.7989912334457402,-0.2617769069661668
0,female,low,gay,-0.01298922219206234,-0.06151313322059964
0,female,low,straight,1.3182912843261219,-2.25256125282399
0,female,low,transgender,0.245658199113186,-0.28184548346904204
0,female,medium,gay,-1.319066503481913,0.8194731189706168
0,female,medium,straight,1.403888229139266,-1.1166642308260217
0,female,medium,transgender,-0.24354969894498674,0.6412944518404655
0,male,high,gay,1.7330998595567109,-0.6609832090974661
0,male,high,straight,-0.0938850159047372,0.13743139008603053
0,male,high,transgender,0.4344311093903187,0.06974490936727182
1,male,low,gay,-0.8078348446426747,-0.3510575929419592
0,male,low,straight,-2.2267888882416744,-1.2511879590307085
0,male,low,transgender,-0.4099632601656856,0.9085521065482125
0,male,medium,gay,-0.6422522006605944,-1.4112902192645294
0,male,medium,straight,2.4522113389325884,-0.9689498232217659
1,male,medium,transgender,-0.7003317798875137,0.36244450415727464
0,female,high,gay,-0.11979752371129035,-0.22495989594456675
0,female,high,straight,-0.5481309921372329,-0.07413014973477554
1,female,high,transgender,0.5641814611243565,-1.9167063535030524
0,female,low,gay,-0.3093506566711536,-0.9033973257804636
0,female,low,straight,-0.6852248443813266,-0.04167334852250228
0,female,low,transgender,0.3997498832729504,0.3364627280747064
0,female,medium,gay,1.2508275747016522,-1.678957639732029
0,female,medium,straight,-1.4003033584476157,0.13001128998620792
0,female,medium,transgender,2.5655839671122647,-0.9030629871493707
0,male,high,gay,-0.3292250776844715,-0.4290630541182385
0,male,high,straight,-1.3367996656528418,1.0034603415711019
1,male,high,transgender,-0.16215868183799376,0.05143605248828133
0,male,low,gay,0.1413729928329543,1.2550861817950227
0,male,low,straight,0.6921972519087463,-1.8658977226977038
1,male,low,transgender,0.4047471686399593,0.38931438634838744
0,male,medium,gay,1.3550871808014362,-0.5242580986496286
0,male,medium,straight,-0.3001334529740869,-0.9786979869417995
0,male,medium,transgender,0.18867055580943753,1.0526000827836093
0,female,high,gay,0.7363718304107204,-1.409826091234351
1,female,high,straight,-1.2215178048395128,1.5740365387867123
0,female,high,transgender,-0.25895539869924145,-0.6218138953308432
0,female,low,gay,1.183378096501694,0.16610031969662548
0,female,low,straight,-0.6338617850995211,0.1773706606352406
0,female,low,transgender,1.2351888597299618,-0.523332393753184
1,female,medium,gay,-1.4842321983756024,1.469747103241556
0,female,medium,straight,-0.6202873191105776,-0.3213881700748667
0,female,medium,transgender,-1.7968024214641038,1.0051357612549567
1,male,high,gay,-0.15055967503447668,-1.3831480660526363
0,male,high,straight,0.02080048704464558,-0.4824858184456226
1,male,high,transgender,0.16087015015314546,0.7846944499809635
1,male,low,gay,-0.916936265311053,-0.056522010357030736
0,male,low,straight,1.4901143445861482,0.19494604027560705
1,male,low,transgender,0.12814564576994308,0.07078887659929879
0,male,medium,gay,-1.576790583303945,0.9663778299549978
0,male,medium,straight,-2.389464501102828,0.1562492269419539
1,male,medium,transgender,0.967852213430642,0.7993281059364821
1,female,high,gay,-0.7139499498635107,-0.9961326075452182
0,female,high,straight,0.09333322578745638,-1.8784940904738996
0,female,high,transgender,-0.18727947580753257,0.9236055169848232
0,female,low,gay,0.9477603747654236,-0.648176967261009
0,female,low,straight,-1.4354828421986652,0.8939870931600534
1,female,low,transgender,-0.00591384214981222,1.9437933400909435
0,female,medium,gay,-1.1667868305561722,1.569024341945465
0,female,medium,straight,-1.5683984630513863,1.0599051307934326
1,female,medium,transgender,0.22243020557167661,0.21485073756825962
1,male,high,gay,-1.3833599765440894,0.2349051476494953
0,male,high,straight,1.2291282962375956,-0.6853662477959849
0,male,high,transgender,0.026254297717660965,0.8250874611743375
0,male,low,gay,0.7694079050988623,0.4583965044248809
0,male,low,straight,0.7734191018494276,-0.5830939076865567
1,male,low,transgender,-0.04014158321714247,0.31292632799387626
0,male,medium,gay,0.10509230225709124,0.3961521130879805
0,male,medium,straight,-0.7600800791842615,0.1764589038240441
1,male,medium,transgender,-0.1546364481248067,-0.7464776134695125
0,female,high,gay,0.7768080761310163,1.9954439242937492
1,female,high,straight,0.1293609708074479,0.016095939546048675
0,female,high,transgender,1.4677358119007702,-0.11456379608787388
0,female,low,gay,0.32767081007505805,1.023500055239667
0,female,low,straight,0.7851621081529014,0.5421105953530699
0,female,low,transgender,0.2222000410574602,-1.3963820653925192
0,female,medium,gay,0.5208729551734474,0.8245916936085514
0,female,medium,straight,-1.307988459084439,-1.8202475829054705
1,female,medium,transgender,-1.4655632866831034,0.5092288843163375
0,male,high,gay,1.285776489989669,0.34010736950976694
0,male,high,straight,-0.3404862865331725,-2.847819339380857
0,male,high,transgender,0.7240716390233598,0.6907135608640941
0,male,low,gay,0.6551290801901235,1.3478815888630447
0,male,low,straight,-1.3501408019878363,0.9286569774943827
1,male,low,transgender,0.7189781523155009,-0.014144823179474906
0,male,medium,gay,-1.058744731067535,0.9848138359891043
0,male,medium,straight,-0.6347583500289034,0.8134542110545739
0,male,medium,transgender,0.46655150024162395,-0.9150356198234308
1,female,high,gay,-1.104130091518059,1.488424414566906
0,female,high,straight,-1.0486343910276734,1.1343696091013626
1,female,high,transgender,0.19065658902818672,-0.9433540536037474
0,female,low,gay,0.3400874978997817,-0.44220964085018094
0,female,low,straight,-0.2712620983327009,0.2892846785357105
1,female,low,transgender,-0.26299619985579215,-0.7269626705801575
0,female,medium,gay,0.2305786787777816,1.2422407307527248
0,female,medium,straight,1.671348301990014,0.26558474660929776
0,female,medium,transgender,0.918442802736622,-0.6792327913146654
0,male,high,gay,1.003866818387567,-1.1024810023728349
1,male,high,straight,0.49823218514945683,-0.9171116229508459
0,male,high,transgender,0.3788602128493663,-0.3690376952776017
0,male,low,gay,-0.363540864924401,1.0605192874833942
0,male,low,straight,1.0857483801871919,0.3246839432210473
1,male,low,transgender,-0.20961245390133515,1.1170461589381564
0,male,medium,gay,-0.10084220826185143,0.17344053598169126
0,male,medium,straight,-0.8691756069332827,0.030358546193442273
1,male,medium,transgender,-1.0173699300703334,0.16036017528977015
0,female,high,gay,-0.765723141684218,-1.3446260175840132
0,female,high,straight,0.028334862362071594,0.6669582518010782
0,female,high,transgender,0.5724805537250516,-1.1427761968187014
0,female,low,gay,0.8971705610251256,1.3030302763318036
0,female,low,straight,1.106089522743174,-1.0240927097234742
0,female,low,transgender,2.1979236524102737,0.4146470256908933
0,female,medium,gay,1.0152490949323847,0.4053675553637444
0,female,medium,straight,-0.6622684200808028,0.017679490203241482
1,female,medium,transgender,0.9950328978108506,-0.913711374082878
0,male,high,gay,-4.97821081064015e-4,0.691371358026237
0,male,high,straight,0.29165271164800133,0.09125521619221587
0,male,high,transgender,-0.6898827934594073,0.052789446906023066
0,male,low,gay,0.7045165759047518,-0.2842941733387175
0,male,low,straight,0.4618862371828599,0.38658961493799016
1,male,low,transgender,-0.7906503853520175,0.6694976481365239
0,male,medium,gay,0.7882749133765455,-0.8943402408620372
0,male,medium,straight,-1.4756020592755683,2.2828028123993156
0,male,medium,transgender,0.7097186612975718,0.12981251647540795
1,female,high,gay,0.3665835832908196,0.49168239598673863
0,female,high,straight,1.7310156228889675,0.6483144171537886
0,female,high,transgender,0.020044674869051718,1.0179385369198939
1,female,low,gay,-1.3180596375155036,-0.4058693254700842
0,female,low,straight,-0.19644956946520875,-0.7790480014154294
0,female,low,transgender,0.2299443497620374,0.5491480793025205
0,female,medium,gay,-0.3055124360829501,1.3210801302087918
1,female,medium,straight,0.37567212066399186,0.2379305089033209
1,female,medium,transgender,-0.9729990221368895,-0.4479450280563304
0,male,high,gay,1.9816641589868769,-0.9132072136534924
0,male,high,straight,-0.7879281654949319,-1.7739249681525238
0,male,high,transgender,-0.40847401646613557,-1.3860463298793317
0,male,low,gay,0.7788456934059149,-1.07261065483109
1,male,low,straight,-0.01039721611663781,-0.9621499508163414
0,male,low,transgender,-0.10921317988161228,0.566372060240642
1,male,medium,gay,-0.7205399603391381,-1.668073638461933
0,male,medium,straight,1.7475983254113616,0.0959636040021528
0,male,medium,transgender,-1.5848979148780051,1.0734192495044197
0,female,high,gay,0.05630056090569501,-0.4330348480080879
0,female,high,straight,-0.3518380607510501,-0.8091672380712642
0,female,high,transgender,0.19463645829433845,0.5555454326929065
1,female,low,gay,0.10509211112796084,-0.6126802601325939
0,female,low,straight,0.7920995828924077,-0.049152873735027004
0,female,low,transgender,1.2017025734793165,-0.46224826210590214
1,female,medium,gay,0.49206244307562413,0.36194905334487226
0,female,medium,straight,-0.3181271128775787,-0.9995827409496069
0,female,medium,transgender,-0.35167901371072674,-0.08222586278856735
0,male,high,gay,-0.49816139366102535,1.3688186127793256
0,male,high,straight,0.3671262798971814,0.23199228407207084
1,male,high,transgender,0.021526376991310336,0.6528024806078071
1,male,low,gay,-0.9418885135527117,-1.5395270680092812
0,male,low,straight,-0.025384623753938594,2.2761515787489466
0,male,low,transgender,-1.0163510322460618,0.34610574317757714
1,male,medium,gay,-0.30069383924731713,-1.2104717230338073
1,male,medium,straight,-1.6375235540887234,0.38099563646028467
0,male,medium,transgender,0.4421701446033259,0.3028680642166824
1,female,high,gay,-1.1493043901266535,-0.46719119234211914
0,female,high,straight,-0.9056684269208767,-0.40009132874355363
0,female,high,transgender,-0.12502880863445118,-0.5296844381473631
1,female,low,gay,-1.0995874962818666,1.3156146552072925
0,female,low,straight,-0.5310524524496227,0.8264367323730529
1,female,low,transgender,-1.7996597970694188,-0.430393228686992
0,female,medium,gay,1.4395735620112133,0.8033798822709209
0,female,medium,straight,0.4054186664314792,-1.1072816773677896
0,female,medium,transgender,1.7092283033923228,-2.357541351615397
0,male,high,gay,0.4228706714291623,0.7287137427565239
0,male,high,straight,0.10738593631498038,-0.2975841356691765
0,male,high,transgender,-1.0938187726530089,1.089430727444883
0,male,low,gay,0.03969632840223089,-1.1306315695255764
0,male,low,straight,1.7520440310428524,0.47914009138894637
0,male,low,transgender,0.5271413058321422,0.1189186010449664
0,male,medium,gay,-0.0386902166754777,-0.001890516198603554
0,male,medium,straight,-0.08841644403910615,-1.8974534829545102
1,male,medium,transgender,-0.29843633969729855,-0.703187915800534
1,female,high,gay,1.1425673518334574,-0.06261346835164983
0,female,high,straight,1.4425202026989108,0.025342722426285443
0,female,high,transgender,0.3157354109593673,-0.49172109124117025
0,female,low,gay,0.8136370296060591,0.42598787128472027
0,female,low,straight,0.08307713204404854,0.4174351297362058
0,female,low,transgender,-0.12428373267826838,0.5560596375229152
0,female,medium,gay,0.16253998211503806,0.12812845983814672
0,female,medium,straight,0.8191502847213845,-2.0253408827883015
0,female,medium,transgender,0.6469199659490746,0.03098763075572879
0,male,high,gay,-1.5726111636169748,1.4819736529676784
0,male,high,straight,0.6961956396103951,-0.06400700789899191
0,male,high,transgender,-0.07073198086389969,0.061907301693387415
1,male,low,gay,-0.6763387748829285,-0.26473606819416223
0,male,low,straight,0.06536321703785318,-1.1482597335516054
1,male,low,transgender,-1.1558363990840035,0.22328569140855448
0,male,medium,gay,0.5320278070302659,0.24433532667683944
0,male,medium,straight,-0.8949517463008295,0.24547206510533198
0,male,medium,transgender,0.36090437858760327,0.8304095264745278
1,female,high,gay,0.07128373586932052,-0.9197700416603214
0,female,high,straight,-1.8414809258212308,1.1334233850029596
0,female,high,transgender,0.18537698442114464,-1.5708952415231876
1,female,low,gay,-1.5766246395163686,-0.5258523045138012
0,female,low,straight,0.15487066444081304,-0.9219155732505153
1,female,low,transgender,0.4260710450061931,-1.612856868163863
0,female,medium,gay,-1.195203900599202,-0.8409875211724551
0,female,medium,straight,0.23093098497241593,-0.8512656191982337
1,female,medium,transgender,-0.02672242772535268,-0.4117053681913902
1,male,high,gay,-1.0557848823598606,-0.41672240297020285
0,male,high,straight,-1.4750950285054434,-0.60436660187865
1,male,high,transgender,-1.3886813612037627,0.026655239291445067
0,male,low,gay,0.2561826776911045,-0.11607247737888964
0,male,low,straight,0.5477444556149924,0.118731226304168
0,male,low,transgender,0.41634445512737583,-0.25912049299526724
0,male,medium,gay,-0.29269196220998905,0.1441692843689669
0,male,medium,straight,1.0370861367619255,0.3187147653667426
1,male,medium,transgender,-0.5792994518043894,1.041999295625351
0,female,high,gay,0.572385739533657,0.012366222563923623
1,female,high,straight,-0.8164991884504287,-0.6853791724713679
0,female,high,transgender,0.8780952468995151,0.5625955714677896
0,female,low,gay,1.686680760668152,-1.7378309737342277
0,female,low,straight,1.1532778510280002,1.3848059373305632
1,female,low,transgender,-0.2889304271655048,0.9907491269410703
0,female,medium,gay,0.4932799192572232,-0.6436015244928921
0,female,medium,straight,0.4623293357179564,1.3240581136625627
0,female,medium,transgender,0.25227790436751296,1.5463540630436772
0,male,high,gay,0.03942195676314428,0.6443334882381848
1,male,high,straight,-0.6539919888632447,0.11641293028656914
1,male,high,transgender,-0.6188971332350187,0.19012323557183136
0,male,low,gay,0.08744428686957757,1.4028970585259348
1,male,low,straight,-2.7727277164872204,-0.5081635504360208
0,male,low,transgender,-0.01913988982630714,0.7623319888136975
1,male,medium,gay,-2.0028115317332436,-1.0282631948589291
0,male,medium,straight,-0.39223256988454314,0.08817247438671537
0,male,medium,transgender,0.3945685142560652,0.4426323614952966
0,female,high,gay,-0.2597433431029261,0.03358968105643632
1,female,high,straight,-0.9414867321125111,-0.7684693565804992
0,female,high,transgender,-0.539207035939122,-0.48391594872730825
1,female,low,gay,-0.19638414099075802,-0.5273960401807879
0,female,low,straight,-0.12471828148566926,0.8948217666115417
1,female,low,transgender,0.3400059082405353,-0.5604388590678645
0,female,medium,gay,-0.05033207967655759,-1.1831116906823125
0,female,medium,straight,0.2463360725288291,-1.2920589664783808
1,female,medium,transgender,-0.489729178086174,1.4546588484134766
0,male,high,gay,-0.6826169124783581,0.9272815916765195
0,male,high,straight,0.6504567306828543,2.7489302742589867
1,male,high,transgender,-0.7589246030994653,-0.352257292491588
0,male,low,gay,0.5101357281011349,0.42264838714676334
0,male,low,straight,1.2052003104658289,1.308735992113712
0,male,low,transgender,0.13076368908774957,0.8565960434395727
0,male,medium,gay,2.2725376524597913,-1.161675784446047
0,male,medium,straight,-0.6033720526585465,-1.1974726088085201
1,male,medium,transgender,-0.1392714661815806,-0.22021227970003115
0,female,high,gay,0.3165407683479834,-0.11870072425385157
0,female,high,straight,0.8312881164325476,-0.7946846790724856
0,female,high,transgender,0.23391821928272638,0.8563321342408159
0,female,low,gay,0.4753431917886214,0.4575260779697573
0,female,low,straight,-0.7459837025955376,0.02065012523986478
1,female,low,transgender,0.35040279805593644,-0.16003905004568603
0,female,medium,gay,0.06484004909600617,1.6186920918680214
0,female,medium,straight,0.8064148977809589,-0.6267193576004142
0,female,medium,transgender,0.5940538985906907,-0.528586224754335
1,male,high,gay,-0.9987044865690329,-0.6604728752238066
0,male,high,straight,0.48645719331004783,0.33687184075648735
0,male,high,transgender,0.7411477280564585,-0.6512094354703736
1,male,low,gay,1.3006065116287784,-0.17453281980288507
0,male,low,straight,1.7579484818036306,-0.907123347755084
1,male,low,transgender,-1.9054462119412148,1.343132160037879
0,male,medium,gay,-0.3445363993702574,1.0719350075572254
0,male,medium,straight,0.582980408624197,-2.1538255844721768
0,male,medium,transgender,-1.0176226311122314,-0.42999371887869875
0,female,high,gay,-0.20507015555124572,0.4862336141512894
0,female,high,straight,0.3025037655867868,1.6514901513694518
0,female,high,transgender,0.24434709805974147,-0.14534101925688975
0,female,low,gay,0.44036978868676246,0.2811939128173384
0,female,low,straight,0.6755386615615356,1.3222662718928475
0,female,low,transgender,0.9242646037421007,3.2551090121380093
1,female,medium,gay,-0.7874179128069486,-1.1887688993072156
0,female,medium,straight,1.827882564196352,0.7169665361114017
0,female,medium,transgender,0.09291818347718958,-0.7488613169042738
0,male,high,gay,-0.9044771038281245,0.5365910509256917
0,male,high,straight,-0.5230356428426738,1.601142335000649
1,male,high,transgender,-1.7292992850525457,-1.1588525200391284
0,male,low,gay,0.7893516370455047,-0.6019305581540391
0,male,low,straight,-1.606196366299765,0.5606656958148268
1,male,low,transgender,-0.5890648840647189,-0.09933490522490535
0,male,medium,gay,-1.4790280678424914,0.5234066017610137
0,male,medium,straight,0.5752901540450184,0.1896529654420604
0,male,medium,transgender,1.7347084259601309,-0.4759661190989568
0,female,high,gay,0.2283227025524677,0.2855948240764078
0,female,high,straight,-1.4035393973432058,-0.6237660661605011
0,female,high,transgender,-1.2672837541967426,-0.24607532554490147
1,female,low,gay,-0.27494759806447355,-0.05075228546806525
0,female,low,straight,0.3760576251909445,0.030491794429054354
1,female,low,transgender,-1.292039935016284,-0.8591437598316668
0,female,medium,gay,0.14182247569438988,0.7697156771064444
0,female,medium,straight,-0.6669046036265631,1.1137116208624904
0,female,medium,transgender,-0.9738299292473578,0.1456664923454252
1,male,high,gay,-2.0005035917668157,-0.7620145228142614
0,male,high,straight,0.8598642096557325,0.9041111350914025
0,male,high,transgender,1.2379646960664636,-1.2707273195114295
1,male,low,gay,0.09805169052925038,-1.3457830530596884
0,male,low,straight,1.6346009847450396,0.7452524091670533
0,male,low,transgender,0.630842380664168,0.9739099191447541
0,male,medium,gay,-0.7274638578144078,2.1273384975528398
0,male,medium,straight,0.6953846940525502,-0.047927038356941815
0,male,medium,transgender,-0.6183187545969676,-0.20997669649531037
0,female,high,gay,1.079528615104045,-1.0910812989834964
0,female,high,straight,1.8922400788651208,-1.928973926536398
1,female,high,transgender,0.3632032199716196,0.447208380483616
0,female,low,gay,0.28445215148693054,1.0804507265368108
0,female,low,straight,-0.939745554208022,0.8849727949445494
1,female,low,transgender,-0.15862856767824968,0.6428529153512625
0,female,medium,gay,-1.7294129258469215,-0.6424652057063204
0,female,medium,straight,0.37438284668101646,0.575241764641271
0,female,medium,transgender,0.27843075594577454,0.47410291010521943
0,male,high,gay,-0.58905597160980006,-0.029491452815893337
1,male,high,straight,-2.14574756939195,-0.6195671588230698
1,male,high,transgender,0.12336427447033728,-2.603013527004022
0,male,low,gay,-0.17090379473050343,0.5857198260803994
1,male,low,straight,-0.6145442451497063,0.03484663306504195
0,male,low,transgender,0.23891154738497383,-1.1930267305452549
1,male,medium,gay,-2.3911260715858536,-0.7760316053083582
0,male,medium,straight,-0.014025510086679696,1.7715850385357954
0,male,medium,transgender,0.9769509577196872,0.19852712558338556
0,female,high,gay,-1.327210706185975,2.246320469758549
0,female,high,straight,-0.28637361055811794,-0.6042196629190837
0,female,high,transgender,0.04683736083637848,1.1034702799716063
0,female,low,gay,0.37247432967580896,0.6271339278771386
0,female,low,straight,0.5966968391488309,0.49437236523660627
0,female,low,transgender,0.04793078923524502,-0.3376695241057625
0,female,medium,gay,-0.08809928221389897,-0.5216519467605252
0,female,medium,straight,1.261054353799461,-0.9987227672878861
0,female,medium,transgender,0.2502802555535192,1.813711015117133
0,male,high,gay,-0.42306854559555834,-0.2543332676247148
0,male,high,straight,-0.1651955084931162,1.2076739568666521
0,male,high,transgender,-0.26656562763427205,-0.33549299008445327
0,male,low,gay,0.6527610579745923,-1.2049787217871417
0,male,low,straight,0.5545825218472681,-0.12165141379995367
0,male,low,transgender,0.41625465965072106,0.1369945263773905
0,male,medium,gay,0.2765354481658367,-1.2188617858294741
0,male,medium,straight,0.06354074561595448,1.1252166420308902
1,male,medium,transgender,-1.308706517851496,-0.7654870834317917
1,female,high,gay,-1.1358233066081627,-0.5463668843564999
0,female,high,straight,-1.9786992438401803,-0.8736276776717207
0,female,high,transgender,-0.9123004617812411,0.653833292617394
0,female,low,gay,-0.44401126845583433,0.2028598346889409
0,female,low,straight,-0.2955343222338923,-1.0234747440532836
1,female,low,transgender,-0.27971308765996206,-0.9170405835291582
0,female,medium,gay,0.5558849261619767,0.34986887803376976
0,female,medium,straight,-0.49056603459675746,-0.08333950777844366
1,female,medium,transgender,-0.012657799792912887,-0.11364963148733895
0,male,high,gay,-1.3369183525403545,0.07674577621538481
0,male,high,straight,1.629177400429914,1.2807694906613383
1,male,high,transgender,-2.0266010787398994,-0.19317924153500934
0,male,low,gay,1.775533303881057,0.5341823281730947
0,male,low,straight,-0.23303528380478486,-1.2821530334104099
1,male,low,transgender,0.0026910044438769832,-0.8935532748239614
0,male,medium,gay,0.5087377971584048,1.2409546662665378
0,male,medium,straight,-0.3144380062622608,-0.5596670380861053
1,male,medium,transgender,-2.8120333703142566,0.7655059358110632
1,female,high,gay,-0.7778730794261605,-0.09427285341204482
0,female,high,straight,-0.07514427004969235,1.7920155468086323
1,female,high,transgender,0.18990011550422434,0.8842245356111433
1,female,low,gay,0.7169113010793347,-0.47941957200235147
0,female,low,straight,-1.5054824214865632,-0.4034904977783053
0,female,low,transgender,-0.34922582473587943,-0.3369592846321698
0,female,medium,gay,1.9021443942930283,-0.15281113293873547
0,female,medium,straight,-1.405612202489475,2.3875223262851626
0,female,medium,transgender,-0.3263523222131802,0.45440945021508217
0,male,high,gay,-1.3624998643310706,-0.39641859630233794
0,male,high,straight,-0.024100163858159936,-1.4671553143848655
0,male,high,transgender,1.0779543756631953,-0.2538331710397993
0,male,low,gay,-0.12126076866881429,-0.18448910457893003
0,male,low,straight,-0.034608712125504294,1.4460754283694806
0,male,low,transgender,0.2583723526703043,-0.0946003244683527
1,male,medium,gay,-0.1162543300113015,-0.31393423661779074
0,male,medium,straight,-0.19394540917598385,0.11278489940513442
0,male,medium,transgender,1.4379043105230924,-1.5327522956254536
1,female,high,gay,0.3021744414045291,0.5401731624370348
0,female,high,straight,-0.5578981297735937,-0.5876685116838254
0,female,high,transgender,-0.7477751542876988,0.14243388665595033
0,female,low,gay,0.8837105269039537,0.9821251906449036
0,female,low,straight,-0.4915089753547275,-0.3417002707755368
1,female,low,transgender,-1.7334610772131416,0.5636653322625095
0,female,medium,gay,0.17044437530876108,1.0611915284229643
0,female,medium,straight,-0.11915694466238609,1.9845235309319877
0,female,medium,transgender,-0.5667648464402946,-0.38344472706000615
0,male,high,gay,1.102948560981106,-1.4330871128631406
0,male,high,straight,0.7553394400615631,-1.0158376945399208
0,male,high,transgender,0.5167610097028698,0.2952402172470035
0,male,low,gay,-0.14894397925047373,0.14396023712851516
0,male,low,straight,-1.2186218327820368,1.630285929805605
0,male,low,transgender,-0.8247376540853507,0.6830237609036485
0,male,medium,gay,1.7057879697021743,-0.04083927321401094
0,male,medium,straight,0.15994123026472226,0.027181943276650206
1,male,medium,transgender,1.1465700216631625,-2.951383939850739
0,female,high,gay,0.05859352557055823,-0.3637165518676006
0,female,high,straight,-1.6263613295016444,-0.1944368542883011
0,female,high,transgender,0.6689746569546777,0.8127037728596972
0,female,low,gay,-1.0723579925327884,-0.07741863153235096
0,female,low,straight,-0.8980972281478041,1.7457335980270303
0,female,low,transgender,2.0112857106747737,-0.9451950835753982
1,female,medium,gay,-0.950814047752214,-0.39221741432811646
1,female,medium,straight,0.5249898963026577,-0.19344269033502762
0,female,medium,transgender,1.8439182480849774,-1.1168877038137486
0,male,high,gay,1.6744637925707275,-0.5330921026663125
0,male,high,straight,-0.8314185180810453,-1.1244390149671615
0,male,high,transgender,0.8261686945995357,-2.5095251412934676
0,male,low,gay,-0.5711578345207243,-0.027516171563263605
0,male,low,straight,-0.9509626555749866,-1.265719027497892
0,male,low,transgender,0.07975471597550803,1.4627373070153467
0,male,medium,gay,2.3489424491037094,-1.0286164197874668
0,male,medium,straight,0.4046841773345214,1.9239171259356058
0,male,medium,transgender,0.7587920830407038,-0.8309921486268173
0,female,high,gay,-0.7429332565892375,0.5842270031346862
1,female,high,straight,-1.5253251115243671,-0.574684024268756
1,female,high,transgender,-0.2348998090683722,0.5182909424216463
0,female,low,gay,0.4537190223761296,0.8706260896535538
0,female,low,straight,0.10264876969405504,-0.28915535648728224
0,female,low,transgender,0.5022052279275999,2.587615092845551
0,female,medium,gay,2.1187125072850814,-1.0711380104792412
0,female,medium,straight,0.8285157870407969,0.09154392739427226
0,female,medium,transgender,2.067045999094942,0.18935626823748292
0,male,high,gay,1.442417402086071,0.07990626042733061
0,male,high,straight,-0.5972501731152728,1.6467624057918668
1,male,high,transgender,-1.6712205040538328,1.8877695932547174
0,male,low,gay,-0.36768272726642565,0.5531371253416043
0,male,low,straight,-1.174231678370972,0.6312495620586988
1,male,low,transgender,-1.325571315571131,-1.6814669525987487
1,male,medium,gay,-1.1295671518595036,1.1687338276315637
0,male,medium,straight,-1.3659969580920062,2.013851912938154
1,male,medium,transgender,-1.5675085929458403,-1.5588749746742405
0,female,high,gay,-0.22460345292398823,-0.2641519348309173
0,female,high,straight,1.86697811414005,0.47669789439008264
1,female,high,transgender,-0.8025335170293209,-0.02517098846251755
1,female,low,gay,-0.1513891237900416,-0.5889642275905651
0,female,low,straight,-0.8608174177837169,0.972797936568167
1,female,low,transgender,-0.8523957112958293,0.48911050428183916
1,female,medium,gay,1.1843194095996645,-1.3399349738893016
0,female,medium,straight,-1.4790626404235132,-0.5723970425065742
1,female,medium,transgender,-0.5283368603653839,0.6536158244995236
0,male,high,gay,0.1945250203466466,-1.1881434529536394
0,male,high,straight,-0.03707391851315163,-1.8377359821068837
1,male,high,transgender,-1.0653880462325906,-0.05092620470724664
0,male,low,gay,0.6049529330133628,-0.16332226107222117
0,male,low,straight,1.1057787714484484,-0.8353590012370616
1,male,low,transgender,1.2691113582417304,-0.5794308912198116
1,male,medium,gay,-0.545904707924077,-0.5817474495751712
0,male,medium,straight,-0.7172872188870384,-0.029377044494489732
0,male,medium,transgender,-0.4764488343577204,2.0699929684543155
0,female,high,gay,-0.03493058401918907,-1.5193828770060323
0,female,high,straight,-0.8310235281104136,0.23788136992908293
0,female,high,transgender,-0.36497446625075525,0.6395179438471048
1,female,low,gay,0.7410108183780499,-1.6452055021392382
0,female,low,straight,0.4954741434986522,-0.8525382992377563
0,female,low,transgender,1.0935105574400767,-0.3229184655110876
0,female,medium,gay,1.8548630715858456,0.5618816747516123
0,female,medium,straight,1.660032483958678,0.23782262931209602
0,female,medium,transgender,-0.02254211641214396,-0.7883525085871061
0,male,high,gay,0.5341515517629754,1.2622127219640402
0,male,high,straight,1.6591757904439315,-0.8558841072527864
0,male,high,transgender,-1.1175309081244353,0.030606072119710618
1,male,low,gay,1.1558554262656315,-1.9728714118980057
0,male,low,straight,0.2669608098313623,-0.5983130219548611
0,male,low,transgender,1.0726346595803158,0.6163895587612114
0,male,medium,gay,-1.1741995146647888,-0.008462381477948071
0,male,medium,straight,-0.013530527300855567,-0.7361030037580346
1,male,medium,transgender,-0.2584110358618869,-1.252137961540984
0,female,high,gay,1.076108268704366,1.127345256910665
0,female,high,straight,0.88761039280046,-0.31121730233201983
1,female,high,transgender,-0.35278374284807507,1.6191184825037532
0,female,low,gay,-0.7012543833231013,1.5447163223415887
0,female,low,straight,1.3686093384529727,0.18577029411526613
1,female,low,transgender,-1.1333897181526698,-0.1866905337555204
1,female,medium,gay,-1.1310105782395374,-0.32957930086240517
0,female,medium,straight,-0.46967295142150306,-0.31146875531380563
1,female,medium,transgender,-0.9685692559543988,-1.0912424505495413
0,male,high,gay,0.3420250820498965,0.785531090427543
0,male,high,straight,-2.1710816439328293,-0.8413420683846573
0,male,high,transgender,0.7845199634763014,-0.45824024249919604
1,male,low,gay,-0.9464038673807056,-1.5319415547806405
0,male,low,straight,0.05695572459336765,-0.60422464871395265
0,male,low,transgender,-0.6509685747804206,-0.4359916882572935
0,male,medium,gay,1.2405367625468804,0.9926108147128728
0,male,medium,straight,-0.6978576913418356,0.5143040973883002
0,male,medium,transgender,-0.5235049887352057,2.0243224869422196
0,female,high,gay,-1.0439050085916606,0.4874352748668134
1,female,high,straight,-2.5035444633291952,-0.500060581062719
0,female,high,transgender,0.3255052847380889,-0.6016810458823518
0,female,low,gay,1.3286389525082214,0.21245206888280216
0,female,low,straight,-0.9379793030339797,-1.0471450073688124
1,female,low,transgender,-1.0329981660448957,-0.11824204764650337
0,female,medium,gay,-0.17223423068453755,0.8019675474675355
0,female,medium,straight,0.09618202323674434,-0.10264141736226774
1,female,medium,transgender,0.09122683478948193,-0.8978804328504308
0,male,high,gay,0.33605760576121074,2.1121429233055853
0,male,high,straight,1.4935991529797432,-2.088127753586441
0,male,high,transgender,1.301833403819773,0.04616171740484779
1,male,low,gay,-0.975402287277735,0.42843088610590135
1,male,low,straight,-1.6161078910901139,-0.13727422156508112
0,male,low,transgender,1.6559354157722628,0.39155471585125134
0,male,medium,gay,-1.245831979256303,1.0957853750958546
0,male,medium,straight,0.894211676786809,0.8022513761928575
0,male,medium,transgender,1.4935718271386595,-0.33336614450704566
0,female,high,gay,1.0726419877639821,-0.7716015807827642
0,female,high,straight,-0.01935908701424938,-0.6039279789497385
1,female,high,transgender,-0.11259601237502592,-0.9032237908954582
0,female,low,gay,-0.4112351055825744,0.34737843729697276
0,female,low,straight,0.7051244322300982,0.22541217123539606
0,female,low,transgender,0.009010417303836525,-0.18708057830185604
0,female,medium,gay,-1.2882728947001438,0.11126344432636413
0,female,medium,straight,-0.61755047281332065,-1.6147950381755087
0,female,medium,transgender,0.13261041650647368,0.6457368884708204
0,male,high,gay,-0.48373239391853595,2.1104122497119255
0,male,high,straight,-0.40074439809682316,0.21557367575273506
0,male,high,transgender,0.8345557328818232,-0.3976099856382698
0,male,low,gay,-0.6332422377634814,-0.4218025089728342
0,male,low,straight,0.037709137754900125,1.3985126874891307
1,male,low,transgender,-0.1025063456309209,0.842901151222107
1,male,medium,gay,-0.8708125328672218,-1.0160860519251842
0,male,medium,straight,-2.138032627151071,-0.30710530554681126
0,male,medium,transgender,0.8857428883152284,1.2857286693735384
1,female,high,gay,-0.030359283490135905,-1.3065027674021354
1,female,high,straight,-1.9458189366411587,1.341897819980737
0,female,high,transgender,0.5289690555617115,-0.33202896959422656
0,female,low,gay,1.1506246230280606,0.11264857410692042
0,female,low,straight,1.0473238097418116,0.15193973715021641
1,female,low,transgender,0.7002927015446235,1.2314599726473054
1,female,medium,gay,0.5343168308826516,1.6824525220253772
0,female,medium,straight,0.9098754161583613,2.2100211226688744
0,female,medium,transgender,0.4172760199221555,-0.7257921101718307
0,male,high,gay,0.5999643558032258,-1.3482196115826077
0,male,high,straight,-0.7742474278403044,0.3753900470221844
1,male,high,transgender,-0.16652482675034186,-0.3349779662264163
0,male,low,gay,0.825387965880892,-0.055590905775378494
0,male,low,straight,0.8698406045972312,-0.20538456895377896
0,male,low,transgender,-1.1618452808176942,0.9194054405847981
0,male,medium,gay,-0.35846506521545707,-0.7622152398692862
0,male,medium,straight,0.19965777435376586,0.3451297707899242
0,male,medium,transgender,0.11651034252961866,-0.7214275264464155
0,female,high,gay,0.05668505823744419,-1.018532518271012
0,female,high,straight,-1.2380598277083,-1.1232130211864693
1,female,high,transgender,-0.4813414810315388,0.5883997455364962
1,female,low,gay,-0.7787650433618533,-0.26802125090598
0,female,low,straight,0.8564195156870543,1.7964309800263918
0,female,low,transgender,-0.32196028277089705,1.2520166742109424
1,female,medium,gay,-1.7778844715342967,0.9236472213914831
0,female,medium,straight,0.11454997681136751,-0.08604245059253013
0,female,medium,transgender,-2.3272693832675118,1.559974566117504
1,male,high,gay,-0.3155051482887558,-1.4508044032502319
0,male,high,straight,0.8012563471271092,-0.27403945986672695
1,male,high,transgender,1.5336852843231807,0.2939886731785907
1,male,low,gay,-1.08492081039035,-0.7840587192596675
0,male,low,straight,2.0495999372455502,1.5137823600338536
0,male,low,transgender,0.15646879706977376,-0.4104632409567381
1,male,medium,gay,-1.6454773999637826,-0.8207497275487939
0,male,medium,straight,-1.202874951855393,-0.17407379766736375
0,male,medium,transgender,-0.8185749637220648,1.9929569813410908
0,female,high,gay,-0.4733120090798883,0.5457879049039622
0,female,high,straight,-0.37833399375309085,-2.57646695779154
0,female,high,transgender,-0.6745244852173782,-0.511829540406355
0,female,low,gay,0.43952333840001506,-0.5994890515067838
0,female,low,straight,-0.10317892859201441,0.3653234272425171
1,female,low,transgender,-0.19125292320541926,-2.5407018353982287
0,female,medium,gay,0.10587891733636366,-0.40763576505585974
0,female,medium,straight,-0.2482841158660995,-0.11099030615757513
0,female,medium,transgender,-0.4027368055031139,-0.5892991329895375
1,male,high,gay,0.33106478871682066,-1.0877144173585367
0,male,high,straight,0.16415106684199285,1.8397166170418764
1,male,high,transgender,-1.9747743762903982,-0.5605816287866617
1,male,low,gay,-1.4858650904780766,-0.31335105728778856
0,male,low,straight,-0.540194671893292,-0.5494118136737735
1,male,low,transgender,-0.27967779629570405,0.46728531197162876
0,male,medium,gay,0.3576944508260127,-0.5602892142163065
0,male,medium,straight,0.19274101273269406,0.5283386497757854
0,male,medium,transgender,-1.4768589226473081,2.682526194406351
0,female,high,gay,2.1791148474102027,-0.19180822790403293
0,female,high,straight,-1.2238701182860114,-1.8545644552133298
1,female,high,transgender,0.10010628442298744,0.38552867886686404
0,female,low,gay,-0.32280135975976354,0.11583476320637774
0,female,low,straight,-0.3170942279490483,0.6091480452577752
0,female,low,transgender,1.1341840716759526,-0.6428635704093003
0,female,medium,gay,-0.4292884550598529,0.42582670022394087
0,female,medium,straight,0.28966525297733947,0.35300065729056646
0,female,medium,transgender,0.29754548727700003,-0.7490823090019004
1,male,high,gay,-1.1796913926382462,0.13795643286036086
0,male,high,straight,-0.3612230063106755,-0.1608763527867062
0,male,high,transgender,0.2082820983801251,-0.7061980545297228
1,male,low,gay,-1.031256386559756,0.5802261387369074
0,male,low,straight,0.6248797216096333,0.004351856198827043
1,male,low,transgender,0.9484637840484819,0.28310979913777096
0,male,medium,gay,-0.06571310666240653,-1.6472442796131224
0,male,medium,straight,-0.7506193153284695,1.7204607829272578
1,male,medium,transgender,0.47084787124809885,-0.5830820749011333
0,female,high,gay,-0.022762887579072928,-0.02840794929172415
0,female,high,straight,0.2321709584763604,0.05233292008052303
0,female,high,transgender,-0.5541851282430584,0.2775361074840316
0,female,low,gay,0.45469464392150105,1.0586108994460959
0,female,low,straight,0.29272279287180397,0.468225313792114
1,female,low,transgender,-2.456755499816698,1.4144031346158765
0,female,medium,gay,1.0145223427342274,-0.0597361300435969
0,female,medium,straight,-1.2810835155337852,1.1139392065056555
0,female,medium,transgender,0.4910977791122603,-1.1760043736229011
1,male,high,gay,-1.2725907161744243,-0.497264530713148
0,male,high,straight,2.2963199444315308,-1.627891448587982
1,male,high,transgender,-1.5889079163524267,-1.0839255749536434
0,male,low,gay,-1.6960817489604023,-1.1967324215442927
0,male,low,straight,2.7449442019346053,-1.232691844280619
0,male,low,transgender,-1.844693546050694,1.4059924833492157
1,male,medium,gay,-0.18949852773690523,-1.5725769950777961
0,male,medium,straight,-0.5616232814850916,0.2972632378040529
1,male,medium,transgender,-2.4215573006912146,0.8025251687022003
0,female,high,gay,1.3071308404736564,0.108925762570832
0,female,high,straight,-3.053852297460373,-0.8630048818740625
0,female,high,transgender,0.965049562277249,1.268054171011916
1,female,low,gay,-0.35145060717322735,-1.3618290857851498
0,female,low,straight,0.26429319620374375,-0.3335206699989288
0,female,low,transgender,0.9573657560096046,-0.1512340000294243
0,female,medium,gay,-0.07879781278463018,-0.592289244053458
0,female,medium,straight,-0.9930063037060947,-0.09229173411826153
1,female,medium,transgender,-1.9435033201905239,1.01382766220319
0,male,high,gay,-0.5205602034997627,0.18040237532401784
0,male,high,straight,-1.3009506032513145,-0.3829625967594343
1,male,high,transgender,1.401135388264256,0.48976066655821576
0,male,low,gay,0.48861528690441397,0.3994836226323682
0,male,low,straight,0.10040446561254697,-1.1344176610586059
1,male,low,transgender,0.49507331964531537,-0.17200956214073515
0,male,medium,gay,1.231706082537902,-0.34470839572582107
0,male,medium,straight,-0.9644220459778248,0.14676810444221786
1,male,medium,transgender,-0.2096895621003533,-0.385299593734032
